94116,"$5,200 ",/ 3br - 
94607,"$2,966 ",/ 1br - 714ft
95035,"$3,780 ",/ 3br - 1630ft
94102,"$3,827 ",/ 1br - 822ft
95035,"$3,075 ",/ 3br - 1303ft
94040,"$3,670 ",/ 1br - 795ft
94102,"$5,250 ",/ 2br - 988ft
94002,"$2,145 ",/ 500ft
94023,"$3,545 ",/ 1br - 795ft
94023,"$3,545 ",/ 1br - 795ft
95112,$14 , 
95112,$14 , 
94587,"$1,831 ",/ 510ft
94080,"$3,227 ",/ 1br - 1112ft
95111,"$1,750 ",/ 2br - 810ft
94030,"$3,500 ",/ 3br - 1500ft
94086,"$1,650 ",/ 1br - 500ft
95111,"$2,125 ",/ 2br - 838ft
95134,"$3,155 ",/ 2br - 1185ft
94804,$967 ,/ 3br - 
95035,"$3,600 ", 
95129,"$2,069 ",/ 1br - 
95129,"$1,785 ", 
94080,"$3,615 ",/ 2br - 1054ft
95126,"$2,634 ",/ 1br - 861ft
94546,"$2,600 ",/ 3br - 1102ft
94704,"$1,750 ",/ 430ft
94123,"$2,600 ", 
95117,"$1,845 ",/ 405ft
95124,"$4,995 ",/ 3br - 1600ft
94080,"$3,509 ",/ 2br - 1103ft
94109,"$2,095 ", 
95129,"$2,139 ",/ 1br - 
94080,"$3,906 ",/ 2br - 1266ft
95409,"$2,633 ",/ 2br - 1042ft
94558,"$1,325 ",/ 1br - 
94704,"$2,600 ",/ 2br - 800ft
94580,"$1,795 ",/ 1br - 725ft
95008,"$2,155 ",/ 1br - 750ft
94404,"$3,500 ",/ 2br - 1500ft
94559,"$1,095 ",/ 1br - 
95134,"$2,755 ",/ 1br - 973ft
94580,"$1,795 ",/ 1br - 725ft
94107,"$4,000 ",/ 1br - 1056ft
94538,"$1,868 ",/ 1br - 620ft
95014,"$4,241 ",/ 3br - 1508ft
95070,"$6,595 ",/ 2br - 1650ft
95035,"$1,350 ", 
94538,"$1,816 ",/ 1br - 520ft
94538,"$2,050 ",/ 1br - 730ft
95054,"$2,976 ",/ 2br - 1070ft
94903,"$2,295 ",/ 2br - 
94040,"$3,500 ",/ 2br - 1200ft
94590,"$2,000 ",/ 2br - 1500ft
94519,"$1,500 ",/ 1br - 
94519,"$1,500 ",/ 1br - 
94519,"$1,500 ",/ 1br - 
95051,"$3,594 ",/ 2br - 1054ft
95051,"$2,874 ",/ 1br - 686ft
95051,"$2,874 ",/ 1br - 686ft
94002,"$1,120 ",/ 1br - 
95119,"$3,695 ",/ 5br - 1842ft
94611,"$1,295 ",/ 560ft
95062,"$3,500 ",/ 4br - 1643ft
95062,"$3,500 ",/ 4br - 1643ft
95062,"$3,500 ",/ 4br - 1643ft
94553,"$1,881 ",/ 2br - 803ft
94553,"$1,881 ",/ 2br - 803ft
95050,"$2,352 ",/ 1br - 725ft
95050,"$2,352 ",/ 1br - 725ft
94590,"$1,360 ",/ 3br - 
94590,"$1,360 ",/ 3br - 
94089,"$3,150 ",/ 2br - 
94089,"$3,150 ",/ 2br - 
94109,"$6,250 ",/ 2br - 1675ft
94607,"$3,840 ",/ 2br - 1077ft
94550,"$2,420 ",/ 2br - 896ft
94550,"$2,420 ",/ 2br - 896ft
95014,"$2,742 ",/ 2br - 825ft
95054,"$2,650 ",/ 1br - 796ft
95054,"$2,650 ",/ 1br - 796ft
95008,"$3,175 ",/ 2br - 1141ft
94087,"$2,795 ",/ 2br - 655ft
95129,"$2,198 ",/ 1br - 
95129,"$2,198 ",/ 1br - 
95129,"$2,198 ",/ 1br - 
94608,"$3,645 ",/ 2br - 1290ft
94129,"$6,500 ",/ 4br - 
94901,"$2,076 ", 
94939,"$3,800 ",/ 2br - 1100ft
94939,"$3,800 ",/ 2br - 1100ft
95134,"$2,610 ",/ 1br - 688ft
95050,"$1,874 ",/ 1br - 536ft
94070,"$1,125 ",/ 2br - 1050ft
94070,"$1,125 ",/ 2br - 1050ft
94598,"$2,475 ",/ 1br - 773ft
94583,"$2,751 ",/ 2br - 1175ft
94107,"$4,550 ",/ 2br - 1365ft
94941,"$2,999 ",/ 1br - 1000ft
95407,"$2,090 ",/ 2br - 850ft
94602,"$1,500 ",/ 470ft
94925,"$2,258 ",/ 1br - 
94572,"$1,500 ",/ 2br - 
94536,"$1,945 ",/ 1br - 
94588,"$2,608 ",/ 2br - 933ft
94104,"$1,700 ", 
94104,"$1,700 ", 
94105,"$2,750 ",/ 437ft
94105,"$3,900 ",/ 1br - 1053ft
94103,"$3,795 ",/ 1br - 
94103,"$3,795 ",/ 1br - 
94304,"$3,695 ",/ 2br - 
95134,"$2,505 ",/ 1br - 759ft
94954,"$1,931 ",/ 2br - 794ft
95128,"$3,390 ",/ 3br - 1566ft
94546,"$2,260 ",/ 3br - 1430ft
94954,"$2,600 ",/ 4br - 1505ft
94954,"$2,600 ",/ 4br - 1505ft
94954,"$2,600 ",/ 4br - 1505ft
94901,"$2,895 ",/ 3br - 1400ft
94901,"$2,895 ",/ 3br - 1400ft
94127,"$1,950 ",/ 1br - 500ft
94127,"$1,950 ",/ 1br - 500ft
94122,"$3,845 ",/ 1br - 854ft
94086,"$1,050 ",/ 2br - 930ft
94595,"$3,000 ",/ 2br - 1300ft
94086,"$4,190 ",/ 2br - 1240ft
94596,"$2,595 ",/ 2br - 970ft
94103,"$4,800 ",/ 2br - 
94103,"$4,800 ",/ 2br - 
94103,"$4,800 ",/ 2br - 
94610,"$2,885 ",/ 4br - 2000ft
94109,"$2,400 ",/ 1br - 
94105,"$3,395 ", 
94122,"$3,675 ",/ 1br - 840ft
94086,"$2,305 ",/ 1br - 715ft
94403,"$4,980 ",/ 4br - 2020ft
95050,"$2,708 ",/ 2br - 925ft
95050,"$2,708 ",/ 2br - 925ft
95409,"$2,633 ",/ 2br - 1042ft
95050,"$2,689 ",/ 2br - 925ft
94087,"$2,704 ",/ 1br - 790ft
94087,"$2,744 ",/ 1br - 790ft
94087,"$2,744 ",/ 1br - 790ft
95453,"$1,500 ",/ 3br - 1400ft
94542,"$2,224 ",/ 2br - 976ft
95014,"$4,226 ",/ 3br - 1508ft
95003,"$3,600 ",/ 3br - 1500ft
94596,"$1,737 ",/ 505ft
95148,"$2,998 ",/ 3br - 1232ft
94044,"$2,274 ",/ 1br - 
94044,"$2,274 ",/ 1br - 
94596,"$1,844 ",/ 505ft
94544,"$2,235 ",/ 1br - 985ft
94550,"$2,770 ",/ 3br - 996ft
94580,"$1,895 ",/ 1br - 950ft
94022,"$6,900 ",/ 3br - 2277ft
94022,"$6,900 ",/ 3br - 2277ft
94105,"$4,000 ",/ 550ft
94534,"$1,504 ",/ 1br - 
94534,"$1,504 ",/ 1br - 
95403,"$2,079 ",/ 2br - 921ft
94538,"$3,499 ",/ 3br - 1935ft
95131,"$2,973 ",/ 2br - 1137ft
94040,"$2,346 ",/ 612ft
95051,"$3,018 ",/ 2br - 1020ft
94536,"$2,450 ",/ 2br - 850ft
95037,"$3,800 ",/ 5br - 2785ft
94608,"$3,586 ",/ 3br - 1204ft
94109,"$5,000 ",/ 2br - 
94086,"$2,795 ",/ 1br - 702ft
94551,"$2,000 ",/ 2br - 829ft
94122,"$4,150 ",/ 2br - 882ft
94102,"$2,100 ", 
95687,"$1,325 ",/ 1br - 642ft
95014,"$2,595 ",/ 1br - 770ft
95409,"$2,037 ",/ 1br - 630ft
94901,"$2,076 ", 
94404,"$3,318 ",/ 2br - 963ft
94109,"$4,394 ",/ 1br - 
94109,"$4,394 ",/ 1br - 
94598,"$3,350 ",/ 3br - 1508ft
94607,"$1,595 ",/ 1br - 
94065,"$3,279 ",/ 2br - 1000ft
94041,"$2,531 ",/ 1br - 670ft
94122,"$5,000 ",/ 2br - 1050ft
94587,"$2,598 ", 
95060,"$2,250 ",/ 2br - 
95060,"$2,250 ",/ 2br - 
94041,"$2,909 ",/ 2br - 935ft
94041,"$2,909 ",/ 2br - 935ft
95118,"$2,525 ",/ 3br - 1121ft
94041,"$2,984 ",/ 2br - 935ft
94086,"$4,265 ",/ 2br - 1004ft
94109,"$2,657 ",/ 408ft
94565,"$1,720 ",/ 2br - 881ft
94306,"$7,500 ",/ 4br - 2020ft
94306,"$7,500 ",/ 4br - 2020ft
94103,"$3,125 ",/ 1br - 600ft
94103,"$3,125 ",/ 1br - 600ft
94588,"$2,275 ",/ 1br - 731ft
94607,"$3,116 ",/ 1br - 714ft
94588,"$2,568 ",/ 1br - 731ft
94530,"$3,000 ",/ 2br - 1200ft
94086,"$2,255 ",/ 1br - 717ft
95054,"$3,690 ",/ 2br - 1195ft
94306,"$6,765 ",/ 2br - 1292ft
94306,"$6,765 ",/ 2br - 1292ft
95054,"$3,691 ",/ 2br - 1216ft
95014,"$3,905 ",/ 3br - 1387ft
94104,"$3,052 ",/ 475ft
94104,"$3,052 ",/ 475ft
94109,"$4,395 ",/ 2br - 1000ft
94103,"$4,745 ",/ 1br - 800ft
94587,"$2,248 ",/ 1br - 603ft
95006,"$1,750 ",/ 1br - 
95006,"$1,750 ",/ 1br - 
95120,"$3,800 ",/ 4br - 2100ft
95062,"$2,850 ",/ 3br - 1250ft
95062,"$1,050 ", 
94563,"$5,700 ",/ 3br - 2200ft
94563,"$5,700 ",/ 3br - 2200ft
95407,"$1,705 ",/ 1br - 559ft
95687,"$1,543 ",/ 2br - 986ft
94565,"$1,461 ",/ 2br - 986ft
94086,"$2,850 ",/ 2br - 920ft
94086,"$2,850 ",/ 2br - 920ft
94107,"$2,480 ",/ 233ft
95134,"$2,186 ",/ 565ft
94538,"$2,284 ",/ 1br - 829ft
95126,"$2,588 ",/ 1br - 861ft
95126,"$2,588 ",/ 1br - 861ft
95014,"$3,607 ",/ 2br - 1112ft
94134,"$2,095 ",/ 1br - 
92115,"$1,425 ",/ 2br - 960ft
94596,"$2,565 ",/ 1br - 766ft
94596,"$2,565 ",/ 1br - 766ft
94109,"$3,300 ", 
94109,"$3,300 ", 
94104,"$2,948 ",/ 475ft
94104,"$2,948 ",/ 475ft
94124,"$3,150 ",/ 2br - 1017ft
94587,"$1,814 ",/ 510ft
94025,"$3,895 ",/ 2br - 1128ft
94928,"$2,790 ",/ 3br - 1454ft
94608,"$2,089 ",/ 486ft
94104,"$4,285 ",/ 2br - 
94014,"$1,500 ", 
94014,"$1,500 ", 
94965,"$2,879 ",/ 2br - 773ft
94965,"$2,879 ",/ 2br - 773ft
94590,"$1,550 ",/ 2br - 1100ft
94550,"$1,713 ",/ 1br - 
94080,$600 ,/ 1br - 720ft
94536,"$1,899 ",/ 2br - 900ft
94070,"$2,100 ",/ 1br - 650ft
94070,"$2,100 ",/ 1br - 650ft
95687,"$1,900 ",/ 3br - 1500ft
94598,"$2,000 ", 
94598,"$2,000 ", 
95006,"$2,500 ",/ 3br - 1400ft
95006,"$2,500 ",/ 3br - 1400ft
95035,"$2,630 ",/ 1br - 711ft
95126,"$2,570 ",/ 1br - 920ft
94105,"$11,500 ",/ 6br - 2000ft
94582,"$2,062 ",/ 1br - 775ft
94803,"$1,950 ",/ 2br - 
94577,"$2,500 ",/ 3br - 1100ft
94112,$800 ,/ 1br - 
95377,"$2,350 ",/ 4br - 2050ft
95377,"$2,350 ",/ 4br - 2050ft
94544,"$2,215 ",/ 1br - 985ft
95117,"$2,000 ",/ 2br - 
94523,"$3,200 ",/ 3br - 1422ft
94085,"$3,065 ",/ 906ft
94085,"$3,065 ",/ 906ft
94085,"$3,065 ",/ 906ft
94121,"$2,200 ", 
94536,"$2,475 ",/ 2br - 1164ft
94520,"$2,661 ",/ 2br - 1126ft
94709,"$3,299 ",/ 2br - 1100ft
94306,"$5,900 ",/ 4br - 
94104,"$2,767 ", 
94903,"$2,695 ",/ 2br - 922ft
94920,"$6,495 ",/ 3br - 1335ft
94588,"$1,750 ",/ 1br - 750ft
95687,"$1,700 ",/ 2br - 885ft
95687,"$1,700 ",/ 2br - 885ft
94044,"$2,937 ",/ 2br - 
94103,"$3,452 ",/ 1br - 
94066,"$3,900 ",/ 4br - 1350ft
94536,"$2,872 ",/ 2br - 1126ft
94107,"$3,602 ",/ 545ft
94945,"$3,224 ",/ 2br - 1164ft
94122,"$3,290 ",/ 1br - 650ft
94063,"$2,336 ",/ 1br - 724ft
95476,"$2,050 ",/ 2br - 1200ft
95476,"$1,950 ",/ 2br - 1200ft
95476,"$1,950 ",/ 2br - 1200ft
95051,"$2,377 ",/ 1br - 765ft
94577,"$1,695 ",/ 2br - 1200ft
94080,"$3,565 ",/ 2br - 1054ft
94114,"$3,095 ",/ 2br - 550ft
94122,"$1,750 ",/ 1br - 525ft
95123,"$2,700 ",/ 3br - 1617ft
94607,"$2,000 ",/ 2br - 
94124,"$3,800 ",/ 4br - 1300ft
94533,"$1,149 ",/ 550ft
94533,"$1,149 ",/ 550ft
94590,"$1,734 ",/ 3br - 1380ft
94131,"$14,000 ",/ 4br - 
95051,"$1,825 ",/ 426ft
95120,"$4,800 ",/ 5br - 
95476,"$1,950 ",/ 2br - 1200ft
95409,"$2,037 ",/ 1br - 630ft
94086,"$3,030 ",/ 2br - 858ft
94122,"$2,500 ",/ 2br - 600ft
95404,"$1,300 ",/ 1br - 
94086,"$2,564 ",/ 1br - 687ft
94122,"$2,500 ",/ 2br - 750ft
94122,"$2,500 ",/ 2br - 750ft
94104,"$5,260 ",/ 2br - 1100ft
94104,"$5,260 ",/ 2br - 1100ft
94112,"$2,250 ",/ 1br - 650ft
95120,"$4,800 ",/ 5br - 
95008,"$2,320 ",/ 1br - 750ft
94133,"$2,300 ",/ 400ft
94553,"$1,400 ",/ 1br - 816ft
94544,"$1,500 ",/ 1br - 580ft
95687,"$1,755 ",/ 2br - 934ft
95687,"$1,755 ",/ 2br - 934ft
95014,"$4,150 ",/ 3br - 1550ft
94122,"$2,600 ", 
94027,"$7,500 ",/ 5br - 3300ft
94087,"$3,350 ",/ 2br - 1064ft
94565,"$2,100 ",/ 3br - 1583ft
94536,"$1,895 ",/ 1br - 
94086,"$4,445 ",/ 2br - 1065ft
94086,"$4,445 ",/ 2br - 1065ft
94565,"$2,400 ",/ 3br - 1608ft
95118,"$2,300 ",/ 2br - 845ft
94509,"$1,700 ",/ 2br - 918ft
94087,"$4,325 ",/ 3br - 1387ft
94565,"$1,490 ",/ 1br - 619ft
94565,"$1,490 ",/ 1br - 619ft
94044,"$2,198 ",/ 1br - 
94040,"$2,131 ",/ 407ft
95110,"$1,670 ",/ 1br - 465ft
94533,"$1,599 ",/ 2br - 1063ft
95405,"$1,775 ",/ 2br - 930ft
94555,"$2,574 ",/ 2br - 
94544,"$1,650 ",/ 524ft
94531,"$2,250 ",/ 4br - 2258ft
94952,"$2,048 ", 
95476,"$1,300 ", 
94609,"$2,550 ",/ 2br - 900ft
94903,"$2,625 ",/ 2br - 954ft
95134,"$2,755 ",/ 1br - 973ft
95134,"$2,755 ",/ 1br - 973ft
95409,"$2,500 ",/ 3br - 1400ft
95403,"$1,725 ",/ 2br - 1068ft
95403,"$1,725 ",/ 2br - 1068ft
94608,"$3,017 ",/ 2br - 1033ft
95129,"$4,800 ",/ 5br - 2680ft
95134,"$2,181 ",/ 1br - 565ft
94565,"$1,206 ",/ 2br - 871ft
94535,"$1,433 ",/ 1br - 790ft
94102,"$4,361 ",/ 1br - 704ft
95128,"$2,681 ",/ 1br - 860ft
94705,"$4,000 ",/ 3br - 1290ft
94541,"$1,945 ",/ 1br - 668ft
95134,"$3,118 ",/ 2br - 1100ft
95134,"$2,500 ",/ 1br - 695ft
94024,"$8,000 ",/ 4br - 
94014,"$3,482 ",/ 2br - 1052ft
94066,"$2,473 ",/ 1br - 
94901,"$2,020 ",/ 1br - 475ft
94513,"$1,595 ",/ 2br - 845ft
94086,"$2,760 ",/ 569ft
94596,"$1,795 ",/ 1br - 554ft
95134,"$2,310 ",/ 600ft
95134,"$2,310 ",/ 600ft
95148,"$2,998 ",/ 3br - 1232ft
94402,"$4,200 ",/ 3br - 1375ft
94402,"$4,200 ",/ 3br - 1375ft
94080,"$2,569 ",/ 1br - 730ft
95134,"$3,650 ",/ 2br - 1191ft
95014,"$3,197 ",/ 2br - 971ft
94158,"$8,000 ",/ 3br - 1970ft
94103,"$3,520 ",/ 1br - 
94403,"$4,164 ",/ 2br - 4164ft
94403,"$4,164 ",/ 2br - 4164ft
94403,"$4,164 ",/ 2br - 4164ft
94403,"$4,164 ",/ 2br - 4164ft
95134,"$2,536 ",/ 1br - 739ft
95134,"$2,514 ",/ 1br - 778ft
94550,"$1,850 ",/ 2br - 975ft
94123,"$3,400 ",/ 1br - 
94553,"$1,549 ",/ 400ft
94109,"$2,675 ",/ 2br - 
94704,"$3,295 ",/ 2br - 
94598,"$3,030 ",/ 2br - 1045ft
94596,"$3,600 ",/ 2br - 1022ft
94533,"$1,599 ",/ 2br - 1063ft
94110,"$3,400 ",/ 1br - 
94110,"$3,400 ",/ 1br - 
94110,"$3,400 ",/ 1br - 
94110,"$3,400 ",/ 1br - 
94110,"$3,400 ",/ 1br - 
94707,"$1,750 ",/ 400ft
95453,"$1,400 ",/ 3br - 1542ft
94925,"$2,258 ",/ 1br - 
94112,"$1,900 ",/ 2br - 
94526,"$2,081 ",/ 2br - 800ft
94526,"$2,081 ",/ 2br - 800ft
94025,"$4,353 ",/ 2br - 980ft
95128,"$1,550 ",/ 413ft
95035,"$2,982 ",/ 2br - 1128ft
94533,"$1,100 ",/ 1br - 670ft
94513,"$1,475 ",/ 1br - 740ft
94560,"$2,868 ",/ 2br - 958ft
94945,"$1,975 ",/ 2br - 1100ft
94568,"$3,002 ",/ 2br - 1056ft
95134,"$3,128 ",/ 2br - 1044ft
95131,"$3,250 ",/ 3br - 1589ft
95128,"$1,795 ",/ 1br - 675ft
95123,"$3,250 ",/ 4br - 1850ft
94080,"$3,529 ",/ 2br - 1103ft
94080,"$3,529 ",/ 2br - 1103ft
94080,"$3,529 ",/ 2br - 1103ft
94080,"$3,529 ",/ 2br - 1103ft
94080,"$2,650 ",/ 400ft
95051,"$2,195 ",/ 1br - 720ft
95051,"$2,195 ",/ 1br - 720ft
94901,"$1,700 ",/ 1br - 600ft
94404,"$3,628 ",/ 2br - 
94582,"$2,002 ",/ 1br - 775ft
95014,"$2,742 ",/ 2br - 825ft
94401,"$3,107 ",/ 2br - 875ft
94602,"$3,800 ",/ 4br - 1875ft
94602,"$3,800 ",/ 4br - 1875ft
94520,"$2,812 ",/ 1br - 1114ft
94536,"$2,698 ",/ 2br - 910ft
94590,"$1,595 ",/ 3br - 1087ft
94590,"$1,595 ",/ 3br - 1087ft
94582,"$2,062 ",/ 1br - 775ft
94582,"$2,062 ",/ 1br - 775ft
94114,"$3,200 ",/ 1br - 
94044,"$2,569 ",/ 1br - 624ft
94541,"$1,500 ",/ 2br - 
94087,"$2,995 ",/ 2br - 
94087,"$2,995 ",/ 2br - 
94105,"$2,872 ",/ 450ft
94401,"$2,759 ",/ 1br - 712ft
95118,"$1,800 ",/ 2br - 
95118,"$1,800 ",/ 2br - 
94597,"$2,500 ",/ 2br - 1200ft
95054,"$3,521 ",/ 2br - 1145ft
94553,"$2,750 ",/ 3br - 1528ft
94553,"$2,750 ",/ 3br - 1528ft
95070,"$4,495 ",/ 4br - 1833ft
94089,"$3,050 ",/ 3br - 1108ft
94121,"$2,800 ",/ 1br - 750ft
94121,"$2,800 ",/ 1br - 750ft
94105,"$3,760 ",/ 1br - 
94518,"$2,450 ",/ 3br - 1386ft
94704,"$2,400 ",/ 2br - 
95014,"$4,500 ",/ 4br - 1700ft
95014,"$2,220 ",/ 1br - 712ft
95014,"$2,220 ",/ 1br - 712ft
95014,"$2,220 ",/ 1br - 712ft
95112,"$2,195 ",/ 2br - 925ft
95112,"$2,195 ",/ 2br - 925ft
95112,"$2,195 ",/ 2br - 925ft
94103,"$5,375 ",/ 2br - 878ft
94133,"$4,995 ",/ 2br - 
94105,"$3,548 ",/ 1br - 814ft
94114,"$3,000 ",/ 1br - 
94103,"$4,195 ",/ 1br - 
94102,"$4,295 ",/ 1br - 
94043,"$2,650 ",/ 1br - 610ft
94158,"$3,575 ",/ 1br - 661ft
94582,"$2,462 ",/ 1br - 702ft
95051,"$2,500 ",/ 2br - 
94582,"$1,871 ",/ 436ft
94080,"$3,936 ",/ 2br - 1266ft
95014,"$2,883 ",/ 2br - 839ft
95014,"$2,883 ",/ 2br - 839ft
94582,"$2,885 ",/ 2br - 1004ft
94928,"$1,685 ",/ 1br - 790ft
94928,"$1,685 ",/ 1br - 790ft
94608,"$3,195 ",/ 2br - 1088ft
94608,"$3,195 ",/ 2br - 1088ft
94965,"$2,368 ",/ 1br - 597ft
95054,"$2,534 ",/ 1br - 735ft
94541,"$2,329 ",/ 1br - 769ft
95128,"$6,424 ",/ 2br - 2007ft
95051,"$2,452 ",/ 825ft
94582,"$2,472 ",/ 2br - 900ft
94582,"$2,472 ",/ 2br - 900ft
94541,"$2,476 ",/ 2br - 1029ft
94553,"$1,919 ",/ 2br - 803ft
94523,"$2,093 ",/ 817ft
95035,$800 ,/ 1br - 
94533,"$1,149 ",/ 550ft
95008,"$1,725 ",/ 1br - 708ft
95136,"$4,995 ",/ 2br - 1400ft
94123,"$6,500 ",/ 2br - 1575ft
94587,"$2,196 ", 
95136,"$4,995 ",/ 2br - 1400ft
94065,"$2,899 ",/ 2br - 775ft
94533,"$1,599 ",/ 2br - 1063ft
94533,"$1,599 ",/ 2br - 1063ft
94010,"$3,500 ",/ 2br - 
94121,"$4,800 ",/ 4br - 
95401,"$1,400 ",/ 2br - 720ft
94566,"$5,950 ",/ 4br - 4396ft
94086,"$3,125 ",/ 2br - 1368ft
94505,"$1,750 ",/ 2br - 1200ft
94306,"$3,500 ",/ 2br - 727ft
94928,"$2,110 ",/ 2br - 1136ft
94582,"$2,265 ",/ 769ft
94555,"$2,111 ",/ 1br - 620ft
94112,"$4,600 ",/ 4br - 
94112,"$4,600 ",/ 4br - 
94538,"$2,389 ",/ 2br - 
94404,"$2,863 ",/ 1br - 743ft
94596,"$2,395 ",/ 2br - 808ft
94596,"$2,395 ",/ 2br - 808ft
94608,"$6,589 ",/ 2br - 
94560,"$2,626 ",/ 2br - 875ft
94505,"$1,750 ",/ 2br - 1200ft
94065,"$3,125 ",/ 2br - 916ft
95070,"$6,400 ",/ 4br - 2800ft
94523,"$2,212 ",/ 2br - 880ft
94565,$800 ,/ 450ft
95054,"$2,878 ",/ 1br - 853ft
94571,"$1,495 ",/ 2br - 1184ft
94086,"$3,422 ",/ 2br - 1027ft
94086,"$3,422 ",/ 2br - 1027ft
94903,"$2,625 ",/ 2br - 954ft
95054,"$2,878 ",/ 1br - 853ft
94928,"$1,970 ",/ 2br - 932ft
95134,"$2,993 ",/ 2br - 1103ft
94587,"$2,233 ",/ 1br - 603ft
94121,"$1,900 ", 
95404,"$5,000 ",/ 3br - 
95404,"$5,000 ",/ 3br - 
94087,"$2,995 ",/ 2br - 
94087,"$2,995 ",/ 2br - 
94063,"$2,205 ",/ 1br - 680ft
95123,"$3,000 ",/ 2br - 1211ft
94555,"$2,370 ",/ 2br - 800ft
94306,"$2,100 ", 
94306,"$2,100 ", 
95124,"$4,600 ",/ 4br - 2000ft
94087,"$3,090 ",/ 1br - 736ft
95054,"$2,958 ",/ 1br - 880ft
94121,"$5,940 ",/ 4br - 1660ft
94952,"$3,283 ",/ 3br - 1708ft
94515,"$4,500 ",/ 3br - 
95128,"$4,306 ",/ 1br - 958ft
94551,"$1,690 ",/ 2br - 
94551,"$1,690 ",/ 2br - 
94608,"$2,160 ",/ 575ft
94608,"$2,160 ",/ 575ft
95070,"$1,895 ",/ 1br - 400ft
95032,"$4,629 ",/ 2br - 1123ft
94063,"$3,200 ",/ 1br - 716ft
94531,"$1,530 ",/ 1br - 
95401,"$1,900 ",/ 3br - 1300ft
94014,"$2,195 ",/ 2br - 920ft
95134,"$3,118 ",/ 2br - 1100ft
95134,"$3,118 ",/ 2br - 1100ft
95112,"$1,500 ",/ 1br - 
95112,"$1,500 ",/ 1br - 
95134,"$3,121 ",/ 2br - 1100ft
95403,"$1,829 ",/ 2br - 921ft
94965,"$3,172 ",/ 2br - 888ft
94965,"$3,172 ",/ 2br - 888ft
94965,"$3,172 ",/ 2br - 888ft
94509,"$1,755 ",/ 2br - 998ft
95134,"$2,536 ",/ 1br - 739ft
95134,"$2,536 ",/ 1br - 739ft
95134,"$2,536 ",/ 1br - 739ft
91702,"$1,100 ", 
95134,"$2,521 ",/ 1br - 778ft
95037,"$2,063 ",/ 1br - 701ft
94538,"$1,883 ",/ 1br - 620ft
95134,"$2,514 ",/ 1br - 778ft
94534,"$1,493 ",/ 1br - 
94132,"$3,850 ",/ 2br - 1100ft
94928,"$2,235 ",/ 2br - 1240ft
95051,"$2,995 ",/ 2br - 900ft
94533,"$1,723 ",/ 2br - 948ft
95051,"$2,695 ",/ 2br - 830ft
94608,"$2,211 ",/ 530ft
94121,"$3,770 ",/ 3br - 
94121,"$3,770 ",/ 3br - 
94582,"$2,895 ",/ 2br - 1115ft
94087,"$3,595 ",/ 2br - 1100ft
95003,"$1,295 ",/ 1br - 330ft
94710,"$2,900 ",/ 2br - 610ft
94533,"$1,390 ",/ 1br - 740ft
94710,"$3,400 ",/ 2br - 950ft
94710,"$6,000 ",/ 5br - 2138ft
95134,"$3,540 ",/ 2br - 1092ft
94558,"$3,500 ",/ 3br - 2400ft
95051,"$1,150 ",/ 1br - 1400ft
95051,"$1,150 ",/ 1br - 1400ft
95134,"$33,128 ",/ 2br - 1044ft
95134,"$33,128 ",/ 2br - 1044ft
95134,"$3,395 ",/ 2br - 1082ft
95006,"$1,500 ",/ 1br - 651ft
94585,"$1,375 ",/ 2br - 842ft
94610,"$1,150 ",/ 500ft
94110,"$5,500 ",/ 3br - 1500ft
94027,"$1,995 ",/ 1br - 
95134,"$3,490 ",/ 2br - 1103ft
95051,"$2,845 ",/ 2br - 1060ft
94518,"$2,050 ",/ 2br - 985ft
94536,"$2,225 ",/ 1br - 710ft
94536,"$2,225 ",/ 1br - 710ft
95117,"$1,837 ",/ 386ft
94115,"$8,950 ",/ 2br - 
94116,"$8,500 ",/ 5br - 
94123,"$17,500 ",/ 4br - 4000ft
94404,"$2,626 ",/ 1br - 820ft
94115,"$4,700 ",/ 2br - 
94404,"$2,555 ",/ 1br - 650ft
94404,"$2,555 ",/ 1br - 650ft
94109,"$5,100 ",/ 2br - 
94523,"$2,445 ",/ 2br - 1019ft
94523,"$2,445 ",/ 2br - 1019ft
95125,"$3,900 ",/ 3br - 1500ft
94043,"$3,500 ",/ 2br - 1050ft
94104,"$2,045 ", 
94102,"$2,445 ",/ 1br - 
94043,"$3,000 ",/ 1br - 980ft
94025,"$1,200 ",/ 3br - 1350ft
94070,"$1,050 ",/ 1br - 1000ft
94102,"$1,995 ", 
95136,"$3,100 ",/ 3br - 1700ft
94062,"$11,750 ",/ 4br - 3380ft
94110,"$4,000 ",/ 1br - 700ft
94110,"$4,000 ",/ 1br - 700ft
94043,"$4,800 ",/ 3br - 1350ft
94087,"$4,199 ",/ 4br - 1534ft
94087,"$4,199 ",/ 4br - 1534ft
94583,"$4,500 ",/ 5br - 3100ft
94121,"$3,400 ",/ 2br - 
94301,"$8,900 ",/ 3br - 1968ft
94301,"$8,900 ",/ 3br - 1968ft
94105,"$17,000 ",/ 8br - 3000ft
94403,"$2,650 ",/ 1br - 710ft
94515,"$3,600 ",/ 2br - 1250ft
94133,"$4,700 ",/ 2br - 
94133,"$4,700 ",/ 2br - 
94104,"$2,275 ", 
94104,"$2,275 ", 
95127,"$2,500 ",/ 3br - 1150ft
94607,"$1,950 ",/ 2br - 1132ft
94121,"$2,800 ",/ 1br - 
95032,"$4,500 ",/ 3br - 1604ft
94550,"$2,400 ",/ 3br - 1100ft
95054,"$4,295 ",/ 3br - 1700ft
94303,"$1,575 ", 
94903,"$4,300 ",/ 3br - 2000ft
95035,"$4,200 ",/ 4br - 2000ft
94062,"$2,700 ",/ 1br - 800ft
94611,"$1,895 ", 
94611,"$1,895 ", 
94611,"$1,895 ", 
95391,"$2,500 ",/ 5br - 2448ft
95391,"$2,500 ",/ 5br - 2448ft
94010,"$1,950 ",/ 650ft
94109,"$2,495 ",/ 1br - 450ft
94109,"$3,000 ",/ 1br - 708ft
95134,"$3,240 ",/ 2br - 1064ft
94041,"$1,995 ", 
94122,"$3,800 ",/ 3br - 
94577,$500 ,/ 1br - 
94803,"$2,100 ",/ 3br - 858ft
94536,"$3,600 ", 
95117,"$2,624 ",/ 2br - 809ft
94301,"$2,995 ",/ 1br - 
94109,"$2,250 ",/ 500ft
95035,"$2,783 ",/ 2br - 1013ft
94066,"$3,302 ",/ 1br - 850ft
94551,"$1,997 ",/ 2br - 750ft
94030,"$2,575 ",/ 1br - 735ft
94115,"$1,895 ", 
95035,"$2,668 ",/ 2br - 940ft
94040,"$4,650 ",/ 2br - 1126ft
94040,"$4,650 ",/ 2br - 1126ft
94561,"$1,200 ",/ 2br - 700ft
94109,"$2,250 ",/ 1br - 500ft
